Motif,Unstable_Seqs_With_Motif,Unstable_Freq,Unstable_Total_Occurrences,Stable_Seqs_With_Motif,Stable_Freq,Stable_Total_Occurrences,Enrichment_Unstable_vs_Stable,Log2_Enrichment,P_value,P_adjusted,Significance
PD,756,0.051519694698105495,779,111,0.06032608695652174,113,0.854020164364992,-0.22765796100654034,0.12025341859269648,0.6012670929634824,ns
PE,1171,0.07980100858661578,1232,266,0.14456521739130435,288,0.5520069766893723,-0.8572415938774817,4.1034135110935094e-18,2.0517067555467546e-17,***
GE,1110,0.07564399618372632,1155,265,0.14402173913043478,283,0.5252262376530431,-0.9289891070906002,1.7070934913288332e-20,8.535467456644166e-20,***
GD,953,0.06494480032710917,993,182,0.09891304347826087,192,0.656584794515829,-0.6069467551662615,2.541949271379309e-07,1.2709746356896544e-06,***
PT,790,0.05383671800463405,817,151,0.08206521739130435,156,0.6560235836326268,-0.6081804151381206,3.1385898933938733e-06,1.5692949466969366e-05,***
