amino_acid,observed_count,observed_frequency,expected_frequency,enrichment_ratio,log2_enrichment,chi2_statistic,p_value
M,130,0.05952380952380952,0.0242,2.4596615505706416,1.298459814383457,112.60880157418339,0.0
C,44,0.020146520146520148,0.0137,1.4705489158043903,0.5563547743063675,6.624952295393172,0.010055983629471243
G,214,0.09798534798534798,0.0707,1.3859313717871002,0.4708558202213451,22.99811356243946,1.6216044169681254e-06
S,195,0.08928571428571429,0.0656,1.3610627177700347,0.44473354776112384,18.677629965156775,1.5478784698208514e-05
R,163,0.07463369963369963,0.0553,1.3496148215858885,0.4325477226259675,14.762415918499826,0.00012194190203962396
P,120,0.054945054945054944,0.047,1.1690437222352115,0.2253288876731156,2.933246668225393,0.08677282986235235
W,27,0.012362637362637362,0.0108,1.1446886446886446,0.19495523862959685,0.4937934065934057,0.48224001484651857
Q,90,0.04120879120879121,0.0393,1.048569750859827,0.06842283270066501,0.20247757738444666,0.6527284055238136
T,122,0.055860805860805864,0.0534,1.0460825067566641,0.0649966445049294,0.2476658243130148,0.6187234589546612
H,51,0.023351648351648352,0.0227,1.0287069758435397,0.04083209331017745,0.040855768020525395,0.8398165821308216
L,211,0.09661172161172162,0.0966,1.0001213417362484,0.00017504850100874146,3.10634844796267e-06,0.9985937422732047
V,149,0.06822344322344322,0.0687,0.9930632201374558,-0.010042529726341747,0.007219800480935716,0.9322857107430519
E,137,0.06272893772893773,0.0675,0.9293175959842626,-0.10575637034806973,0.7365106498439854,0.39078093924304547
A,149,0.06822344322344322,0.0825,0.8269508269508268,-0.27412655004141995,5.395673215673218,0.020186736613459266
F,66,0.03021978021978022,0.0386,0.7828958606160679,-0.35310767928003006,3.9735268006604816,0.046220868365122514
D,90,0.04120879120879121,0.0545,0.7561246093356185,-0.403304084705017,7.079214840205668,0.007798317249416042
K,90,0.04120879120879121,0.0584,0.7056299864519042,-0.5030162239207456,11.052298780671386,0.0008857730366254035
N,46,0.021062271062271064,0.0406,0.5187751493170213,-0.9468187224985662,20.534056868582976,5.857965948541377e-06
Y,33,0.01510989010989011,0.0292,0.5174619900647298,-0.9504752008919668,14.849045672136086,0.00011646698391198917
I,57,0.0260989010989011,0.0596,0.4379010251493473,-1.191323267667823,41.126758433512805,1.426696538686656e-10
