motif,count,frequency
MPT,7,0.0034965034965034965
MGE,7,0.0034965034965034965
GGG,7,0.0034965034965034965
GLL,7,0.0034965034965034965
RRR,6,0.002997002997002997
GLS,6,0.002997002997002997
GRT,5,0.0024975024975024975
LAG,5,0.0024975024975024975
MGD,5,0.0024975024975024975
KLV,5,0.0024975024975024975
SGG,5,0.0024975024975024975
TVS,4,0.001998001998001998
SRR,4,0.001998001998001998
GPA,4,0.001998001998001998
LLR,4,0.001998001998001998
GRS,4,0.001998001998001998
RTV,4,0.001998001998001998
AGG,4,0.001998001998001998
LLL,4,0.001998001998001998
VLG,4,0.001998001998001998
AGL,4,0.001998001998001998
LLT,4,0.001998001998001998
EEK,4,0.001998001998001998
GSG,4,0.001998001998001998
VSG,4,0.001998001998001998
MPD,3,0.0014985014985014985
LRR,3,0.0014985014985014985
RRK,3,0.0014985014985014985
KPL,3,0.0014985014985014985
LVK,3,0.0014985014985014985
VKR,3,0.0014985014985014985
GSR,3,0.0014985014985014985
LGA,3,0.0014985014985014985
MEL,3,0.0014985014985014985
ELR,3,0.0014985014985014985
LRK,3,0.0014985014985014985
GPG,3,0.0014985014985014985
GEK,3,0.0014985014985014985
ADG,3,0.0014985014985014985
DGK,3,0.0014985014985014985
LVA,3,0.0014985014985014985
LSV,3,0.0014985014985014985
STL,3,0.0014985014985014985
PLL,3,0.0014985014985014985
PSC,3,0.0014985014985014985
GSE,3,0.0014985014985014985
GGQ,3,0.0014985014985014985
MAP,3,0.0014985014985014985
HAA,3,0.0014985014985014985
AAL,3,0.0014985014985014985
