amino_acid,hits_frequency,screen_frequency,enrichment_ratio,log2_enrichment
G,0.09798534798534793,0.07292297444592462,1.3436828205356337,0.42619262677438163
H,0.023351648351648286,0.01871644261434737,1.2476542061335805,0.31921813914985364
R,0.07463369963369958,0.06053701909490933,1.232860500063434,0.3020095659593621
T,0.05586080586080582,0.0461502361632554,1.2104121344731478,0.27549835586662896
V,0.06822344322344319,0.05969682289774328,1.142832062274159,0.1926134169163792
S,0.08928571428571426,0.08126690484841141,1.098672509458315,0.13576141413989204
Q,0.04120879120879115,0.04023858544265468,1.0241113288517347,0.034372556013711364
D,0.04120879120879115,0.04027643211820269,1.0231489990933702,0.03301625710692839
E,0.06272893772893769,0.061518509547454636,1.019675837246176,0.028110581287825256
M,0.05952380952380948,0.0591694925517742,1.0059881698617787,0.008613339554873787
K,0.04120879120879115,0.043066993661943366,0.9568532118183528,-0.06363047302293715
P,0.054945054945054896,0.060357878163982026,0.9103211812015423,-0.13555244542860057
F,0.030219780219780158,0.033443845625933506,0.9035976471661112,-0.14624758071480087
I,0.026098901098901048,0.03053722094384558,0.8546586851139438,-0.22657971185377676
N,0.021062271062270998,0.02471135602115372,0.85233165853954,-0.2305131749703868
C,0.02014652014652009,0.023939283839974113,0.8415673702351605,-0.24884932622733955
Y,0.015109890109890056,0.018267328731177538,0.8271537854410775,-0.27377251293074756
L,0.09661172161172156,0.11901770215170963,0.8117424539802693,-0.30090602671673816
A,0.06822344322344319,0.08942664809656449,0.7628983605622152,-0.3904372324282687
W,0.012362637362637296,0.016738323039037533,0.7385827919442615,-0.43716844494318896
